course_prefix,catalog_name,subject_context
AALO,Arabic & Asian Language,AALO — Arabic and Asian Language — Arabic & Asian Language
ACCT,Accounting,ACCT — Accounting
AEGD,Adv Ed Gen Dentistry,AEGD — Adv Ed Gen Dentistry
AERO,Aerospace Engineering,AERO — Aerospace Engineering
AERS,Aerospace Studies,AERS — Aerospace Studies
AFST,Africana Studies,AFST — Africana Studies
AGCJ,Ag Comm & Journalism,AGCJ — Agricultural Communication and Journalism — Ag Comm & Journalism
AGEC,Agricultural Economics,AGEC — Agricultural Economics
AGLS,Ag & Life Sciences,AGLS — Agricultural and Life Sciences — Ag & Life Sciences
AGSC,Agricultural Science,AGSC — Agricultural Science
AGSM,Agricultrl Systems Mgmt,AGSM — Agricultrl Systems Management — Agricultrl Systems Mgmt
ALEC,"Ag Leadrshp, Ed & Comm","ALEC — Agricultural Leadership, Ed and Communication — Ag Leadrshp, Ed & Comm"
ALED,Ag Leadership & Dev,ALED — Agricultural Leadership and Development — Ag Leadership & Dev
ANES,Clinical Anesthesiology,ANES — Clinical Anesthesiology
ANLY,Analytics,ANLY — Analytics
ANSC,Animal Science,ANSC — Animal Science
ANTH,Anthropology,ANTH — Anthropology
ARAB,Arabic,ARAB — Arabic
ARCH,Architecture,ARCH — Architecture
AREN,Architectural Engr,AREN — Architectural Engineering — Architectural Engr
ARSC,Arts & Sciences,ARSC — Arts and Sciences — Arts & Sciences
ARTS,Art,ARTS — Art
ASCC,Academic Success Center,ASCC — Academic Success Center
ASIA,Asian Studies,ASIA — Asian Studies
ASTR,Astronomy,ASTR — Astronomy
ATMO,Atmospheric Sciences,ATMO — Atmospheric Sciences
ATTR,Athletic Training,ATTR — Athletic Training
BAEN,Biological & Ag Engr,BAEN — Biological and Agricultural Engineering — Biological & Ag Engr
BEFB,Bilingual Ed Field Based,BEFB — Bilingual Ed Field Based
BESC,Bioenvironmental Sci,BESC — Bioenvironmental Science — Bioenvironmental Sci
BESL,Billingual ESL Education,BESL — Billingual ESL Education
BICH,Biochemistry,BICH — Biochemistry
BIMS,Biomedical Science,BIMS — Biomedical Science
BIOL,Biology,BIOL — Biology
BIOT,Biotechnology,BIOT — Biotechnology
BMEN,Biomedical Engineering,BMEN — Biomedical Engineering
BOTN,Botany,BOTN — Botany
BUAD,Business Administration,BUAD — Business Administration
BUSH,Geo Bush School of Gov,BUSH — Geo Bush School of Gov
BUSN,Mays Business School,BUSN — Mays Business School
CARC,College of Architecture,CARC — College of Architecture
CEHD,Coll of Ed & Human Dev,CEHD — College of Ed and Human Development — Coll of Ed & Human Dev
CHEM,Chemistry,CHEM — Chemistry
CHEN,Chemical Engineering,CHEN — Chemical Engineering
CHIN,Chinese,CHIN — Chinese
CLAS,Classics,CLAS — Classics
CLEN,College of Engineering,CLEN — College of Engineering
COMM,Communication,COMM — Communication
COSC,Construction Science,COSC — Construction Science
CPSY,Counseling Psychology,CPSY — Counseling Psychology
CSCE,Computer Sci & Engr,CSCE — Computer Science and Engineering — Computer Sci & Engr
CTFB,Coach & Teach Sec Ed FB,CTFB — Coach and Teach Sec Ed FB — Coach & Teach Sec Ed FB
CTSE,Coach & Teach Sec Ed,CTSE — Coach and Teach Sec Ed — Coach & Teach Sec Ed
CULN,Culinology,CULN — Culinology
CVEN,Civil Engineering,CVEN — Civil Engineering
CYBR,Cybersecurity,CYBR — Cybersecurity
DAEN,Data Engineering,DAEN — Data Engineering
DASC,Dairy Science,DASC — Dairy Science
DCED,Dance Education,DCED — Dance Education
DDDS,Doctor Dental Surgery,DDDS — Doctor Dental Surgery
DDHS,Dental Hygiene,DDHS — Dental Hygiene
DHUM,Digital Humanities,DHUM — Digital Humanities
DIVE,Diving Tech and Methods,DIVE — Diving Technology and Methods — Diving Tech and Methods
DPHS,Dental Public Health,DPHS — Dental Public Health
ECCB,Eco & Conservation Biol,ECCB — Eco and Conservation Biol — Eco & Conservation Biol
ECDE,Early Chldhd Devl & Educ,ECDE — Early Childhood Devl and Education — Early Chldhd Devl & Educ
ECEN,Electrical & Comp Engr,ECEN — Electrical and Computer Engineering — Electrical & Comp Engr
ECFB,Early Chldhd Ed Fld Based,ECFB — Early Childhood Ed Field Based — Early Chldhd Ed Fld Based
ECHE,Early Chldhd Ed Fld Based,ECHE — Early Childhood Ed Field Based — Early Chldhd Ed Fld Based
ECMT,Econometrics,ECMT — Econometrics
ECON,Economics,ECON — Economics
EDAD,Educational Administratn,EDAD — Educational Administratn
EDCI,Educ Curriculum & Dev,EDCI — Education Curriculum and Development — Educ Curriculum & Dev
EDHP,Ed Healthcare Prof,EDHP — Ed Healthcare Prof
EEBL,Ecology & Evol Biology,EEBL — Ecology and Evol Biology — Ecology & Evol Biology
EHRD,Ed Human Res Develop,EHRD — Ed Human Res Develop
EMED,Emergency Medicine,EMED — Emergency Medicine
ENDG,Engr Design Graphics,ENDG — Engineering Design Graphics — Engr Design Graphics
ENDO,Endodontics,ENDO — Endodontics
ENDS,Environmental Design,ENDS — Environmental Design
ENGL,English,ENGL — English
ENGR,Engineering,ENGR — Engineering
ENGY,Energy,ENGY — Energy
ENSS,Envion Systems Science,ENSS — Envion Systems Science
ENST,Environmental Studies,ENST — Environmental Studies
ENTC,Engineering Technology,ENTC — Engineering Technology
ENTO,Entomology,ENTO — Entomology
ENTR,Entrepreneurship,ENTR — Entrepreneurship
EPFB,Educ Psyc Field Based,EPFB — Education Psychology Field Based — Educ Psyc Field Based
EPSY,Educational Psychology,EPSY — Educational Psychology
ESET,Electronic Sys Eng Tech,ESET — Electronic Sys Eng Technology — Electronic Sys Eng Tech
ESST,Envir & Sustain Studies,ESST — Envir and Sustain Studies — Envir & Sustain Studies
EURO,European Studies,EURO — European Studies
EVEN,Environmental Engr,EVEN — Environmental Engineering — Environmental Engr
FILM,Film Studies,FILM — Film Studies
FINC,Finance,FINC — Finance
FINP,Financial Planning,FINP — Financial Planning
FIVS,Forensic & Inv Science,FIVS — Forensic and Inv Science — Forensic & Inv Science
FORS,Forensic Healthcare,FORS — Forensic Healthcare
FREN,French,FREN — French
FSCI,Foundational Sciences,FSCI — Foundational Sciences
FSTC,Food Science & Tech,FSTC — Food Science and Technology — Food Science & Tech
FYEX,First Year Experience,FYEX — First Year Experience
GALV,TAMU-Galveston,GALV — TAMU-Galveston
GENE,Genetics,GENE — Genetics
GEOG,Geography,GEOG — Geography
GEOL,Geology,GEOL — Geology
GEOP,Geophysics,GEOP — Geophysics
GEOS,Geosciences,GEOS — Geosciences
GERM,German,GERM — German
GLST,Global Studies,GLST — Global Studies
HBEH,Health Behavior,HBEH — Health Behavior
HBRW,Hebrew,HBRW — Hebrew
HCPI,Healthcare Prof Core In,HCPI — Healthcare Prof Core In
HDFS,Human Dev & Family Sci,HDFS — Human Development and Family Science — Human Dev & Family Sci
HEFB,Health Ed Field Based,HEFB — Health Ed Field Based
HHUM,Health Humanities,HHUM — Health Humanities
HISP,Hispanic Studies,HISP — Hispanic Studies
HIST,History,HIST — History
HLTH,Health,HLTH — Health
HMGT,"Hosp, Hotel Mgmt, Tour","HMGT — Hosp, Hotel Management, Tour — Hosp, Hotel Mgmt, Tour"
HONR,Honors,HONR — Honors
HORT,Horticultural Sciences,HORT — Horticultural Sciences
HUMA,Humanities,HUMA — Humanities
IBST,Institute Biosci & Tech,IBST — Institute Biosci and Technology — Institute Biosci & Tech
IBUS,International Business,IBUS — International Business
IDIS,Industrial Distribution,IDIS — Industrial Distribution
IMED,Internal Medicine,IMED — Internal Medicine
INST,Interdisciplinary Studies,INST — Interdisciplinary Studies
INTA,International Affairs,INTA — International Affairs
ISEN,Indust & Systems Engr,ISEN — Industrial and Systems Engineering — Indust & Systems Engr
ISTM,Mgmt Info Systems,ISTM — Management Information Systems — Mgmt Info Systems
ITAL,Italian,ITAL — Italian
ITDE,Interdisciplinary Engr,ITDE — Interdisciplinary Engineering — Interdisciplinary Engr
ITSV,Info Tech Service Mgmt,ITSV — Information Technology Service Management — Info Tech Service Mgmt
JAPN,Japanese,JAPN — Japanese
JOUR,Journalism,JOUR — Journalism
JWST,Jewish Studies,JWST — Jewish Studies
KINE,Kinesiology,KINE — Kinesiology
KNFB,Kinesiology Field Based,KNFB — Kinesiology Field Based
LAND,Landscape Architecture,LAND — Landscape Architecture
LAW,Law,LAW — Law
LDEV,Land Development,LDEV — Land Development
LDTC,Learning Design & Tech,LDTC — Learning Design and Technology — Learning Design & Tech
LING,Linguistics,LING — Linguistics
LMAS,Latino/Mex Amer Studies,LMAS — Latino/Mex Amer Studies
LTPS,Learn Tech & Perf Sys,LTPS — Learn Technology and Perf Sys — Learn Tech & Perf Sys
MARA,Maritime Administration,MARA — Maritime Administration
MARB,Marine Biology,MARB — Marine Biology
MARE,Marine Engr Technology,MARE — Marine Engineering Technology — Marine Engr Technology
MARR,Marine Engr Technology,MARR — Marine Engineering Technology — Marine Engr Technology
MARS,Marine Science,MARS — Marine Science
MART,Marine Transportation,MART — Marine Transportation
MASC,Integrated Math & Sci,MASC — Integrated Math and Science — Integrated Math & Sci
MASE,Maritime Systems Engr,MASE — Maritime Systems Engineering — Maritime Systems Engr
MAST,Maritime Studies,MAST — Maritime Studies
MATH,Mathematics,MATH — Mathematics
MCMD,Molecular Cell Medicine,MCMD — Molecular Cell Medicine
MEEN,Mechanical Engineering,MEEN — Mechanical Engineering
MEFB,Mid Grds Ed Field Based,MEFB — Mid Grds Ed Field Based
MEID,Medicine-Interdisci,MEID — Medicine-Interdisci
MEMA,Mechanics and Materials,MEMA — Mechanics and Materials
MEPS,Molecular & Env Plant Sci,MEPS — Molecular and Environmental Plant Science — Molecular & Env Plant Sci
MFCM,Family & Commu Medicine,MFCM — Family and Commu Medicine — Family & Commu Medicine
MGMT,Management,MGMT — Management
MHUM,Humanities In Medicine,MHUM — Humanities In Medicine
MICR,Microbiology,MICR — Microbiology
MKTG,Marketing,MKTG — Marketing
MLSC,Military Science,MLSC — Military Science
MMET,Mfg & Mech Engr Tech,MMET — Manufacturing and Mechanical Engineering Technology — Mfg & Mech Engr Tech
MODL,Modern Languages,MODL — Modern Languages
MPAT,Pathology & Lab Medicin,MPAT — Pathology and Lab Medicin — Pathology & Lab Medicin
MPED,Pediatrics,MPED — Pediatrics
MPHY,Medical Physiology,MPHY — Medical Physiology
MPIM,Microbial Pathogen Imm,MPIM — Microbial Pathogen Imm
MPSY,Psychiatry,MPSY — Psychiatry
MRAD,Radiology,MRAD — Radiology
MSCI,Medical Sciences,MSCI — Medical Sciences
MSEN,Materials Science & Engr,MSEN — Materials Science and Engineering — Materials Science & Engr
MSTC,Music Technology,MSTC — Music Technology
MTDE,Multidisciplinary Engr,MTDE — Multidisciplinary Engineering — Multidisciplinary Engr
MUSC,Music,MUSC — Music
MUST,Museum Studies,MUST — Museum Studies
MXET,Multidiscip Engr Tech,MXET — Multidiscip Engineering Technology — Multidiscip Engr Tech
NEXT,Neuro Exper Therapeutic,NEXT — Neuro Exper Therapeutic
NRPR,Nursing Practice,NRPR — Nursing Practice
NRSC,Neuroscience,NRSC — Neuroscience
NUEN,Nuclear Engineering,NUEN — Nuclear Engineering
NURS,Nursing,NURS — Nursing
NUTR,Nutrition,NUTR — Nutrition
NVSC,Naval Science,NVSC — Naval Science
OBGY,Obstetrics & Gynecology,OBGY — Obstetrics and Gynecology — Obstetrics & Gynecology
OBIO,Oral Biology,OBIO — Oral Biology
OCEN,Ocean Engineering,OCEN — Ocean Engineering
OCNG,Oceanography,OCNG — Oceanography
OMFP,Oral & Maxillofac Path,OMFP — Oral and Maxillofac Path — Oral & Maxillofac Path
OMFR,Oral & Maxillofac Radio,OMFR — Oral and Maxillofac Radio — Oral & Maxillofac Radio
OMFS,Oral & Maxillofac Surg,OMFS — Oral and Maxillofac Surg — Oral & Maxillofac Surg
ORTH,Orthodontics,ORTH — Orthodontics
PBSI,Psyc & Brain Sciences,PBSI — Psychology and Brain Sciences — Psyc & Brain Sciences
PEDD,Pediatric Dentistry,PEDD — Pediatric Dentistry
PERF,Performance Studies,PERF — Performance Studies
PERI,Peridontics,PERI — Peridontics
PETE,Petroleum Engineering,PETE — Petroleum Engineering
PHAR,Pharmacy,PHAR — Pharmacy
PHEB,Public Hlth Epide Biost,PHEB — Public Hlth Epide Biost
PHEO,Public Hlth Enviro Occu,PHEO — Public Hlth Enviro Occu
PHIL,Philosophy,PHIL — Philosophy
PHLT,Public Health,PHLT — Public Health
PHPM,Public Hlth Pol & Mgmt,PHPM — Public Hlth Pol and Management — Public Hlth Pol & Mgmt
PHSC,Pharmaceutical Sciences,PHSC — Pharmaceutical Sciences
PHYS,Physics,PHYS — Physics
PLAN,Urban Planning,PLAN — Urban Planning
PLPA,Plant Pathology,PLPA — Plant Pathology
POLS,Political Science,POLS — Political Science
PORT,Portuguese,PORT — Portuguese
POSC,Poultry Science,POSC — Poultry Science
PROS,Prosthodontics,PROS — Prosthodontics
PSAA,Public Service & Admin,PSAA — Public Service and Admin — Public Service & Admin
PVFA,Perf Vis Fine Arts,PVFA — Perf Vis Fine Arts
RDNG,Reading,RDNG — Reading
RELS,Religious Studies,RELS — Religious Studies
RPTS,"Rec, Park & Tourism Sci","RPTS — Rec, Park and Tourism Science — Rec, Park & Tourism Sci"
RUSS,Russian,RUSS — Russian
RWFM,Rang Wild & Fish Mgmt,RWFM — Rang Wild and Fish Management — Rang Wild & Fish Mgmt
SCMT,Supply Chain Mgmt,SCMT — Supply Chain Management — Supply Chain Mgmt
SCSC,Soil and Crop Sciences,SCSC — Soil and Crop Sciences
SEFB,Special Ed. Field Based,SEFB — Special Ed. Field Based
SENG,Safety Engineering,SENG — Safety Engineering
SOCI,Sociology,SOCI — Sociology
SOMS,Schl of Military Sciences,SOMS — Schl of Military Sciences
SOPH,School of Public Health,SOPH — School of Public Health
SPAN,Spanish,SPAN — Spanish
SPED,Special Education,SPED — Special Education
SPEN,Space Engineering,SPEN — Space Engineering
SPMT,Sport Management,SPMT — Sport Management
SPSY,School Psychology,SPSY — School Psychology
SSEN,Subsea Engineering,SSEN — Subsea Engineering
STAT,Statistics,STAT — Statistics
SURG,Surgery,SURG — Surgery
SYEN,Systems Engineering,SYEN — Systems Engineering
TAMU,TAMU Study Abroad/Consortium,TAMU — TAMU Study Abroad/Consortium
TCMG,Technology Management,TCMG — Technology Management
TCMT,Technical Management,TCMT — Technical Management
TEED,Teacher Education,TEED — Teacher Education
TEFB,Teacher Ed Field Based,TEFB — Teacher Ed Field Based
THEA,Theatre,THEA — Theatre
UGST,Undergraduate Studies,UGST — Undergraduate Studies
URPN,Urban & Reg Planning,URPN — Urban and Reg Planning — Urban & Reg Planning
URSC,Urban Science,URSC — Urban Science
VIBS,Vet Integrative Biosci,VIBS — Vet Integrative Biosci
VIST,Visual Studies,VIST — Visual Studies
VIZA,Visualization,VIZA — Visualization
VLCS,Vet Large Animal Clin Sc,VLCS — Vet Large Animal Clin Sc
VMID,Vet Medicine-Interdisc,VMID — Vet Medicine-Interdisc
VPAR,Veterinary Parasitology,VPAR — Veterinary Parasitology
VPAT,Veterinary Pathology,VPAT — Veterinary Pathology
VSCS,Vet Small Animal Clin Sc,VSCS — Vet Small Animal Clin Sc
VTMI,Veterinary Microbiology,VTMI — Veterinary Microbiology
VTPB,Veterinary Pathobiology,VTPB — Veterinary Pathobiology
VTPP,Vet Physiology & Pharm,VTPP — Vet Physiology and Pharm — Vet Physiology & Pharm
WFSC,Wildlife & Fisheries Sci,WFSC — Wildlife and Fisheries Science — Wildlife & Fisheries Sci
WGST,Women's & Gender Studies,WGST — Women's and Gender Studies — Women's & Gender Studies
WMHS,Water Mgmt & Hydrol Sci,WMHS — Water Management and Hydrol Science — Water Mgmt & Hydrol Sci
ZOOL,Zoology,ZOOL — Zoology
