major,normalized_major,department,normalized_department,college,normalized_college,source_url
Agribusiness - BS,Agribusiness,Agricultural Economics,Agricultural Economics,College of Agriculture and Life Sciences,Agriculture and Life Sciences,https://catalog.tamu.edu/undergraduate/agriculture-life-sciences/agricultural-economics/agribusiness-bs/
"Agricultural Economics - BS, Finance and Real Estate Option",Agricultural Economics,Agricultural Economics,Agricultural Economics,College of Agriculture and Life Sciences,Agriculture and Life Sciences,https://catalog.tamu.edu/undergraduate/agriculture-life-sciences/agricultural-economics/bs-finance-real-estate-option/
Financial Planning - BS,Financial Planning,Agricultural Economics,Agricultural Economics,College of Agriculture and Life Sciences,Agriculture and Life Sciences,https://catalog.tamu.edu/undergraduate/agriculture-life-sciences/agricultural-economics/financial-planning-bs/
Agricultural Communications and Journalism - BS,Agricultural Communications and Journalism,"Agricultural Leadership, Education, and Communications","Agricultural Leadership, Education, and Communications",College of Agriculture and Life Sciences,Agriculture and Life Sciences,https://catalog.tamu.edu/undergraduate/agriculture-life-sciences/agricultural-leadership-education-communications/communications-journalism-bs/
Agricultural Education - BS,Agricultural Education,"Agricultural Leadership, Education, and Communications","Agricultural Leadership, Education, and Communications",College of Agriculture and Life Sciences,Agriculture and Life Sciences,https://catalog.tamu.edu/undergraduate/agriculture-life-sciences/agricultural-leadership-education-communications/agricultural-education-bs/
Agricultural Leadership and Development - BS,Agricultural Leadership and Development,"Agricultural Leadership, Education, and Communications","Agricultural Leadership, Education, and Communications",College of Agriculture and Life Sciences,Agriculture and Life Sciences,https://catalog.tamu.edu/undergraduate/agriculture-life-sciences/agricultural-leadership-education-communications/leadership-development-bs/
"Animal Science - BS, Production/Industry Option",Animal Science,Animal Science,Animal Science,College of Agriculture and Life Sciences,Agriculture and Life Sciences,https://catalog.tamu.edu/undergraduate/agriculture-life-sciences/animal-science/bs-production-industry-option/
Biochemistry - BS,Biochemistry,Biochemistry and Biophysics,Biochemistry and Biophysics,College of Agriculture and Life Sciences,Agriculture and Life Sciences,https://catalog.tamu.edu/undergraduate/agriculture-life-sciences/biochemistry-biophysics/biochemistry-bs/
Genetics - BS,Genetics,Biochemistry and Biophysics,Biochemistry and Biophysics,College of Agriculture and Life Sciences,Agriculture and Life Sciences,https://catalog.tamu.edu/undergraduate/agriculture-life-sciences/biochemistry-biophysics/genetics-bs/
Agricultural Systems Management - BS,Agricultural Systems Management,Biological and Agricultural Engineering,Biological and Agricultural Engineering,College of Agriculture and Life Sciences,Agriculture and Life Sciences,https://catalog.tamu.edu/undergraduate/agriculture-life-sciences/biological-agricultural-engineering/agricultural-systems-management-bs/
Biological and Agricultural Engineering - BS,Biological and Agricultural Engineering,Biological and Agricultural Engineering,Biological and Agricultural Engineering,College of Agriculture and Life Sciences,Agriculture and Life Sciences,https://catalog.tamu.edu/undergraduate/agriculture-life-sciences/biological-agricultural-engineering/bs/
"Ecology and Conservation Biology - BS, Ecoinformatics Track",Ecology and Conservation Biology,Ecology and Conservation Biology,Ecology and Conservation Biology,College of Agriculture and Life Sciences,Agriculture and Life Sciences,https://catalog.tamu.edu/undergraduate/agriculture-life-sciences/ecology-and-conservation-biology/bs-ecoinformatics-track/
Entomology - BS,Entomology,Entomology,Entomology,College of Agriculture and Life Sciences,Agriculture and Life Sciences,https://catalog.tamu.edu/undergraduate/agriculture-life-sciences/entomology/bs/
"Forensic and Investigative Sciences - BS, Pre-Law Emphasis",Forensic and Investigative Sciences,Entomology,Entomology,College of Agriculture and Life Sciences,Agriculture and Life Sciences,https://catalog.tamu.edu/undergraduate/agriculture-life-sciences/entomology/forensic-investigative-sciences-prelaw-bs-emphasis/
"Food Science and Technology - BS, Food Industry Option",Food Science and Technology,Food Science and Technology,Food Science and Technology,College of Agriculture and Life Sciences,Agriculture and Life Sciences,https://catalog.tamu.edu/undergraduate/agriculture-life-sciences/food-science-and-technology/food-science-technology-food-industry-bs-option/
Horticulture - BA,Horticulture,Horticultural Sciences,Horticultural Sciences,College of Agriculture and Life Sciences,Agriculture and Life Sciences,https://catalog.tamu.edu/undergraduate/agriculture-life-sciences/horticultural-sciences/horticulture-ba/
"Hospitality, Hotel Management and Tourism - BS, Business Hospitality Track","Hospitality, Hotel Management and Tourism","Hospitality, Hotel Management and Tourism","Hospitality, Hotel Management and Tourism",College of Agriculture and Life Sciences,Agriculture and Life Sciences,https://catalog.tamu.edu/undergraduate/agriculture-life-sciences/hospitality-hotel-management-tourism/bs-business-hospitality-track/
"Nutrition - BS, Didactic Program in Dietetics Track",Nutrition,Nutrition,Nutrition,College of Agriculture and Life Sciences,Agriculture and Life Sciences,https://catalog.tamu.edu/undergraduate/agriculture-life-sciences/nutrition/nutrition-bs-didactic-dietetics-track/
Bioenvironmental Sciences - BS,Bioenvironmental Sciences,Plant Pathology and Microbiology,Plant Pathology and Microbiology,College of Agriculture and Life Sciences,Agriculture and Life Sciences,https://catalog.tamu.edu/undergraduate/agriculture-life-sciences/plant-pathology-microbiology/bioenvironmental-sciences-bs/
Environmental Studies - BS,Environmental Studies,Plant Pathology and Microbiology,Plant Pathology and Microbiology,College of Agriculture and Life Sciences,Agriculture and Life Sciences,https://catalog.tamu.edu/undergraduate/agriculture-life-sciences/plant-pathology-microbiology/environmental-studies-bs/
"Poultry Science - BS, Industry Emphasis",Poultry Science,Poultry Science,Poultry Science,College of Agriculture and Life Sciences,Agriculture and Life Sciences,https://catalog.tamu.edu/undergraduate/agriculture-life-sciences/poultry-science/industry-bs-emphasis/
"Rangeland, Wildlife and Fisheries Management - BS, Aquaculture and Fisheries Management Track","Rangeland, Wildlife and Fisheries Management","Rangeland, Wildlife and Fisheries Management","Rangeland, Wildlife and Fisheries Management",College of Agriculture and Life Sciences,Agriculture and Life Sciences,https://catalog.tamu.edu/undergraduate/agriculture-life-sciences/rangeland-wildlife-and-fisheries-management/bs-aquaculture-fisheries-management-track/
"Plant and Environmental Soil Science - BS, Crops Emphasis",Plant and Environmental Soil Science,Soil and Crop Sciences,Soil and Crop Sciences,College of Agriculture and Life Sciences,Agriculture and Life Sciences,https://catalog.tamu.edu/undergraduate/agriculture-life-sciences/soil-crop-sciences/plant-environmental-soil-science-crops-bs-emphasis/
Turfgrass Science - BS,Turfgrass Science,Soil and Crop Sciences,Soil and Crop Sciences,College of Agriculture and Life Sciences,Agriculture and Life Sciences,https://catalog.tamu.edu/undergraduate/agriculture-life-sciences/soil-crop-sciences/turfgrass-science-bs/
Family Educational Rights and Privacy Act,Family Educational Rights and Privacy Act,,,Appendices,Appendices,https://catalog.tamu.edu/undergraduate/appendices/family-education-rights-privacy-act/
Hazing Law (Education Code),Hazing Law (Education Code),,,Appendices,Appendices,https://catalog.tamu.edu/undergraduate/appendices/education-code-hazing/
International Agreements,International Agreements,,,Appendices,Appendices,https://catalog.tamu.edu/undergraduate/appendices/international-agreements/
Jeanne Clery Campus Safety Act (Clery Act),Jeanne Clery Campus Safety Act (Clery Act),,,Appendices,Appendices,https://catalog.tamu.edu/undergraduate/appendices/jeanne-clery-disclosure-campus-security-policy-campus-crime-statistics-act/
Notification for Students Pursuing a License,Notification for Students Pursuing a License,,,Appendices,Appendices,https://catalog.tamu.edu/undergraduate/appendices/licensing/
Oak Ridge Associated Universities (ORAU),Oak Ridge Associated Universities (ORAU),,,Appendices,Appendices,https://catalog.tamu.edu/undergraduate/appendices/oak-ridge-associated-universities/
Rules and Regulations for Determining Residence Status,Rules and Regulations for Determining Residence Status,,,Appendices,Appendices,https://catalog.tamu.edu/undergraduate/appendices/residence-status/
Scholastic Honor Societies,Scholastic Honor Societies,,,Appendices,Appendices,https://catalog.tamu.edu/undergraduate/appendices/scholastic-honor-societies/
Texas Common Course Numbering System,Texas Common Course Numbering System,,,Appendices,Appendices,https://catalog.tamu.edu/undergraduate/appendices/texas-common-course-numbering-system/
Architecture - BS,Architecture,Architecture,Architecture,College of Architecture,Architecture,https://catalog.tamu.edu/undergraduate/architecture/architecture/architecture-bs/
Construction Science - BS,Construction Science,Construction Science,Construction Science,College of Architecture,Architecture,https://catalog.tamu.edu/undergraduate/architecture/construction-science/bs/
Landscape Architecture - BLA,Landscape Architecture,Landscape Architecture and Urban Planning,Landscape Architecture and Urban Planning,College of Architecture,Architecture,https://catalog.tamu.edu/undergraduate/architecture/landscape-architecture-urban-planning/bla/
Urban and Regional Planning - BS,Urban and Regional Planning,Landscape Architecture and Urban Planning,Landscape Architecture and Urban Planning,College of Architecture,Architecture,https://catalog.tamu.edu/undergraduate/architecture/landscape-architecture-urban-planning/bs-urban-regional-planning/
"University Studies - BS, Global Arts, Planning, Design and Construction Concentration",University Studies,University Studies,University Studies,College of Architecture,Architecture,https://catalog.tamu.edu/undergraduate/architecture/university-studies/global-arts-planning-design-construction-bs/
Environmental and Sustainability Studies - BS,Environmental and Sustainability Studies,,,College of Arts and Sciences,Arts and Sciences,https://catalog.tamu.edu/undergraduate/arts-and-sciences/environmental-sustainability-studies-bs/
Environmental Studies - BS,Environmental Studies,,,College of Arts and Sciences,Arts and Sciences,https://catalog.tamu.edu/undergraduate/arts-and-sciences/environmental-studies-bs/
Environmental Systems Science - BS,Environmental Systems Science,,,College of Arts and Sciences,Arts and Sciences,https://catalog.tamu.edu/undergraduate/arts-and-sciences/environmental-systems-science-bs/
Anthropology - BA,Anthropology,Anthropology,Anthropology,College of Arts and Sciences,Arts and Sciences,https://catalog.tamu.edu/undergraduate/arts-and-sciences/anthropology/ba/
Meteorology - BS,Meteorology,Atmospheric Sciences,Atmospheric Sciences,College of Arts and Sciences,Arts and Sciences,https://catalog.tamu.edu/undergraduate/arts-and-sciences/atmospheric-sciences/meteorology-bs/
Biology - BA,Biology,Biology,Biology,College of Arts and Sciences,Arts and Sciences,https://catalog.tamu.edu/undergraduate/arts-and-sciences/biology/ba/
Microbiology - BS,Microbiology,Biology,Biology,College of Arts and Sciences,Arts and Sciences,https://catalog.tamu.edu/undergraduate/arts-and-sciences/biology/microbiology-bs/
Molecular and Cell Biology - BS,Molecular and Cell Biology,Biology,Biology,College of Arts and Sciences,Arts and Sciences,https://catalog.tamu.edu/undergraduate/arts-and-sciences/biology/molecular-cell-biology-bs/
"Neuroscience - BS, Molecular and Cellular Neuroscience",Neuroscience,Biology,Biology,College of Arts and Sciences,Arts and Sciences,https://catalog.tamu.edu/undergraduate/arts-and-sciences/biology/bs-neuroscience-mcb/
Zoology - BS,Zoology,Biology,Biology,College of Arts and Sciences,Arts and Sciences,https://catalog.tamu.edu/undergraduate/arts-and-sciences/biology/zoology-bs/
Chemistry - BA,Chemistry,Chemistry,Chemistry,College of Arts and Sciences,Arts and Sciences,https://catalog.tamu.edu/undergraduate/arts-and-sciences/chemistry/ba/
Communication - BA,Communication,Communication and Journalism,Communication and Journalism,College of Arts and Sciences,Arts and Sciences,https://catalog.tamu.edu/undergraduate/arts-and-sciences/communication-journalism/communication-ba/
Journalism - BA,Journalism,Communication and Journalism,Communication and Journalism,College of Arts and Sciences,Arts and Sciences,https://catalog.tamu.edu/undergraduate/arts-and-sciences/communication-journalism/journalism-ba/
Telecommunication Media Studies - BA,Telecommunication Media Studies,Communication and Journalism,Communication and Journalism,College of Arts and Sciences,Arts and Sciences,https://catalog.tamu.edu/undergraduate/arts-and-sciences/communication-journalism/telecommunication-media-studies-ba/
Economics - BA,Economics,Economics,Economics,College of Arts and Sciences,Arts and Sciences,https://catalog.tamu.edu/undergraduate/arts-and-sciences/economics/ba/
English - BA,English,English,English,College of Arts and Sciences,Arts and Sciences,https://catalog.tamu.edu/undergraduate/arts-and-sciences/english/ba/
Geographic Information Science and Technology - BS,Geographic Information Science and Technology,Geography,Geography,College of Arts and Sciences,Arts and Sciences,https://catalog.tamu.edu/undergraduate/arts-and-sciences/geography/geographic-information-science-technology-bs/
Geography - BS,Geography,Geography,Geography,College of Arts and Sciences,Arts and Sciences,https://catalog.tamu.edu/undergraduate/arts-and-sciences/geography/bs/
Geology - BA,Geology,Geology and Geophysics,Geology and Geophysics,College of Arts and Sciences,Arts and Sciences,https://catalog.tamu.edu/undergraduate/arts-and-sciences/geology-geophysics/geology-ba/
Geophysics - BS,Geophysics,Geology and Geophysics,Geology and Geophysics,College of Arts and Sciences,Arts and Sciences,https://catalog.tamu.edu/undergraduate/arts-and-sciences/geology-geophysics/geophysics-bs/
"Classics - BA, Classical Civilization Track",Classics,Global Languages and Cultures,Global Languages and Cultures,College of Arts and Sciences,Arts and Sciences,https://catalog.tamu.edu/undergraduate/arts-and-sciences/global-languages-cultures/classics-ba-classical-civilization-track/
Global Studies - BA,Global Studies,Global Languages and Cultures,Global Languages and Cultures,College of Arts and Sciences,Arts and Sciences,https://catalog.tamu.edu/undergraduate/arts-and-sciences/global-languages-cultures/global-studies-ba/
"Modern Languages - BA, French Option",Modern Languages,Global Languages and Cultures,Global Languages and Cultures,College of Arts and Sciences,Arts and Sciences,https://catalog.tamu.edu/undergraduate/arts-and-sciences/global-languages-cultures/modern-languages-ba-french-option/
Spanish - BA,Spanish,Global Languages and Cultures,Global Languages and Cultures,College of Arts and Sciences,Arts and Sciences,https://catalog.tamu.edu/undergraduate/arts-and-sciences/global-languages-cultures/spanish-ba/
"University Studies - BA, Race, Gender, Ethnicity Concentration",University Studies,Global Languages and Cultures,Global Languages and Cultures,College of Arts and Sciences,Arts and Sciences,https://catalog.tamu.edu/undergraduate/arts-and-sciences/global-languages-cultures/race-gender-ethnicity-university-studies-ba/
History - BA,History,History,History,College of Arts and Sciences,Arts and Sciences,https://catalog.tamu.edu/undergraduate/arts-and-sciences/history/ba/
"Applied Mathematics - BS, Actuarial Science Emphasis",Applied Mathematics,Mathematics,Mathematics,College of Arts and Sciences,Arts and Sciences,https://catalog.tamu.edu/undergraduate/arts-and-sciences/mathematics/applied-mathematics-bs-actuarial-science-emphasis/
Mathematics - BA,Mathematics,Mathematics,Mathematics,College of Arts and Sciences,Arts and Sciences,https://catalog.tamu.edu/undergraduate/arts-and-sciences/mathematics/ba/
"University Studies - BS, Mathematics for Teaching Concentration",University Studies,Mathematics,Mathematics,College of Arts and Sciences,Arts and Sciences,https://catalog.tamu.edu/undergraduate/arts-and-sciences/mathematics/bs-teaching-concentration/
Ocean Studies - BA,Ocean Studies,Oceanography,Oceanography,College of Arts and Sciences,Arts and Sciences,https://catalog.tamu.edu/undergraduate/arts-and-sciences/oceanography/ocean-studies-ba/
Oceanography - BS,Oceanography,Oceanography,Oceanography,College of Arts and Sciences,Arts and Sciences,https://catalog.tamu.edu/undergraduate/arts-and-sciences/oceanography/bs/
Philosophy - BA,Philosophy,Philosophy,Philosophy,College of Arts and Sciences,Arts and Sciences,https://catalog.tamu.edu/undergraduate/arts-and-sciences/philosophy/ba/
"Society, Ethics, and Law - BA","Society, Ethics, and Law",Philosophy,Philosophy,College of Arts and Sciences,Arts and Sciences,https://catalog.tamu.edu/undergraduate/arts-and-sciences/philosophy/society-ethics-law-ba/
Physics - BA,Physics,Physics and Astronomy,Physics and Astronomy,College of Arts and Sciences,Arts and Sciences,https://catalog.tamu.edu/undergraduate/arts-and-sciences/physics-astronomy/physics-ba/
Behavioral and Cognitive Neuroscience - BS,Behavioral and Cognitive Neuroscience,Psychological and Brain Sciences,Psychological and Brain Sciences,College of Arts and Sciences,Arts and Sciences,https://catalog.tamu.edu/undergraduate/arts-and-sciences/psychological-and-brain-sciences/behavioral-cognitive-neuroscience-bs/
Psychology - BA,Psychology,Psychological and Brain Sciences,Psychological and Brain Sciences,College of Arts and Sciences,Arts and Sciences,https://catalog.tamu.edu/undergraduate/arts-and-sciences/psychological-and-brain-sciences/psychology-ba/
Sociology - BA,Sociology,Sociology,Sociology,College of Arts and Sciences,Arts and Sciences,https://catalog.tamu.edu/undergraduate/arts-and-sciences/sociology/ba/
Bioinformatics - BS,Bioinformatics,Statistics,Statistics,College of Arts and Sciences,Arts and Sciences,https://catalog.tamu.edu/undergraduate/arts-and-sciences/statistics/bioinformatics-bs/
Statistics - BS,Statistics,Statistics,Statistics,College of Arts and Sciences,Arts and Sciences,https://catalog.tamu.edu/undergraduate/arts-and-sciences/statistics/bs/
International Affairs - BA,International Affairs,International Affairs,International Affairs,Bush School of Government and Public Service,Bush School of Government and Public Service,https://catalog.tamu.edu/undergraduate/government-public-service/international-affairs/international-affairs-ba/
Political Science - BA,Political Science,Political Science,Political Science,Bush School of Government and Public Service,Bush School of Government and Public Service,https://catalog.tamu.edu/undergraduate/government-public-service/political-science/political-science-ba/
Public Service and Administration - BA,Public Service and Administration,Public Service and Administration,Public Service and Administration,Bush School of Government and Public Service,Bush School of Government and Public Service,https://catalog.tamu.edu/undergraduate/government-public-service/public-service-administration/ba/
Business - BS,Business,,,Mays Business School,Business,https://catalog.tamu.edu/undergraduate/business/business-bs/
Business Honors - BBA,Business Honors,,,Mays Business School,Business,https://catalog.tamu.edu/undergraduate/business/business-honors-bba/
Accounting - BBA,Accounting,Accounting,Accounting,Mays Business School,Business,https://catalog.tamu.edu/undergraduate/business/accounting/bba/
Finance - BBA,Finance,Finance,Finance,Mays Business School,Business,https://catalog.tamu.edu/undergraduate/business/finance/bba/
Management Information Systems - BBA,Management Information Systems,Information and Operations Management,Information and Operations Management,Mays Business School,Business,https://catalog.tamu.edu/undergraduate/business/information-operations-management/management-information-systems-bba/
Supply Chain Management - BBA,Supply Chain Management,Information and Operations Management,Information and Operations Management,Mays Business School,Business,https://catalog.tamu.edu/undergraduate/business/information-operations-management/supply-chain-management-bba/
"Management - BBA, Consulting/General Management Track",Management,Management,Management,Mays Business School,Business,https://catalog.tamu.edu/undergraduate/business/management/management-bba-consulting-general-management/
"Marketing - BBA, Advertising Strategy Track",Marketing,Marketing,Marketing,Mays Business School,Business,https://catalog.tamu.edu/undergraduate/business/marketing/marketing-bba-advertising-strategy/
"University Studies - BS, Business Concentration",University Studies,University Studies,University Studies,Mays Business School,Business,https://catalog.tamu.edu/undergraduate/business/university-studies/bs/
Dental Hygiene - BS,Dental Hygiene,Dental Hygiene,Dental Hygiene,College of Dentistry,Dentistry,https://catalog.tamu.edu/undergraduate/dentistry/caruth-dental-hygiene/dental-hygiene-bs/
Human Resource Development - BS,Human Resource Development,Educational Administration and Human Resource Development,Educational Administration and Human Resource Development,College of Education and Human Development,Education and Human Development,https://catalog.tamu.edu/undergraduate/education-human-development/educational-administration-human-resource-development/human-resource-development-bs/
Learning Technology and Performance Systems - BS,Learning Technology and Performance Systems,Educational Administration and Human Resource Development,Educational Administration and Human Resource Development,College of Education and Human Development,Education and Human Development,https://catalog.tamu.edu/undergraduate/education-human-development/educational-administration-human-resource-development/learning-technology-performance-systems-bs/
"Education - BS, Bilingual Education EC-6",Education,Educational Psychology,Educational Psychology,College of Education and Human Development,Education and Human Development,https://catalog.tamu.edu/undergraduate/education-human-development/educational-psychology/education-bs-bilingual-ec6/
Human Development and Family Sciences - BS,Human Development and Family Sciences,Educational Psychology,Educational Psychology,College of Education and Human Development,Education and Human Development,https://catalog.tamu.edu/undergraduate/education-human-development/educational-psychology/human-development-family-sciences-bs/
Coaching and Teaching in Secondary Education - BS,Coaching and Teaching in Secondary Education,Kinesiology and Sport Management,Kinesiology and Sport Management,College of Education and Human Development,Education and Human Development,https://catalog.tamu.edu/undergraduate/education-human-development/kinesiology-sport-management/coaching-teaching-secondary-education-bs/
"Kinesiology - BS, Exercise Science Track, Applied Exercise Physiology Concentration",Kinesiology,Kinesiology and Sport Management,Kinesiology and Sport Management,College of Education and Human Development,Education and Human Development,https://catalog.tamu.edu/undergraduate/education-human-development/kinesiology-sport-management/kinesiology-bs-exercise-science-applied-exercise-physiology-concentration/
Sport Management - BS,Sport Management,Kinesiology and Sport Management,Kinesiology and Sport Management,College of Education and Human Development,Education and Human Development,https://catalog.tamu.edu/undergraduate/education-human-development/kinesiology-sport-management/sport-management-bs/
"Early Childhood Development and Education - BS, Leadership Track",Early Childhood Development and Education,"Teaching, Learning and Culture","Teaching, Learning and Culture",College of Education and Human Development,Education and Human Development,https://catalog.tamu.edu/undergraduate/education-human-development/teaching-learning-culture/early-childhood-development-education-bs-leadership/
"Education - BS, Early Childhood-3 Certification",Education,"Teaching, Learning and Culture","Teaching, Learning and Culture",College of Education and Human Development,Education and Human Development,https://catalog.tamu.edu/undergraduate/education-human-development/teaching-learning-culture/education-bs-early-childhood-3-certification/
Aerospace Engineering - BS,Aerospace Engineering,Aerospace Engineering,Aerospace Engineering,College of Engineering,Engineering,https://catalog.tamu.edu/undergraduate/engineering/aerospace/bs/
Space Engineering - BS,Space Engineering,Aerospace Engineering,Aerospace Engineering,College of Engineering,Engineering,https://catalog.tamu.edu/undergraduate/engineering/aerospace/space-engineering-bs/
Biomedical Engineering - BS,Biomedical Engineering,Biomedical Engineering,Biomedical Engineering,College of Engineering,Engineering,https://catalog.tamu.edu/undergraduate/engineering/biomedical/bs/
Chemical Engineering - BS,Chemical Engineering,Chemical Engineering,Chemical Engineering,College of Engineering,Engineering,https://catalog.tamu.edu/undergraduate/engineering/chemical/bs/
"Civil Engineering - BS, Coastal Engineering Track",Civil Engineering,Civil and Environmental Engineering,Civil and Environmental Engineering,College of Engineering,Engineering,https://catalog.tamu.edu/undergraduate/engineering/civil-environmental/bs-coastal-engineering-track/
Environmental Engineering - BS,Environmental Engineering,Civil and Environmental Engineering,Civil and Environmental Engineering,College of Engineering,Engineering,https://catalog.tamu.edu/undergraduate/engineering/civil-environmental/environmental-engineering-bs/
Computer Engineering - BS,Computer Engineering,Computer Science and Engineering,Computer Science and Engineering,College of Engineering,Engineering,https://catalog.tamu.edu/undergraduate/engineering/computer-science/computer-engineering-bs/
Computer Science - BA,Computer Science,Computer Science and Engineering,Computer Science and Engineering,College of Engineering,Engineering,https://catalog.tamu.edu/undergraduate/engineering/computer-science/ba/
Computer Engineering - BS,Computer Engineering,Electrical and Computer Engineering,Electrical and Computer Engineering,College of Engineering,Engineering,https://catalog.tamu.edu/undergraduate/engineering/electrical-computer/computer-engineering-bs/
Electrical Engineering - BS,Electrical Engineering,Electrical and Computer Engineering,Electrical and Computer Engineering,College of Engineering,Engineering,https://catalog.tamu.edu/undergraduate/engineering/electrical-computer/electrical-bs/
Electronic Systems Engineering Technology - BS,Electronic Systems Engineering Technology,Engineering Technology and Industrial Distribution,Engineering Technology and Industrial Distribution,College of Engineering,Engineering,https://catalog.tamu.edu/undergraduate/engineering/technology-industrial-distribution/technology-electronic-systems-bs/
Industrial Distribution - BS,Industrial Distribution,Engineering Technology and Industrial Distribution,Engineering Technology and Industrial Distribution,College of Engineering,Engineering,https://catalog.tamu.edu/undergraduate/engineering/technology-industrial-distribution/industrial-distribution-bs/
Manufacturing and Mechanical Engineering Technology - BS,Manufacturing and Mechanical Engineering Technology,Engineering Technology and Industrial Distribution,Engineering Technology and Industrial Distribution,College of Engineering,Engineering,https://catalog.tamu.edu/undergraduate/engineering/technology-industrial-distribution/technology-manufacturing-mechanical-bs/
"Multidisciplinary Engineering Technology - BS, Electro Marine Engineering Technology Track",Multidisciplinary Engineering Technology,Engineering Technology and Industrial Distribution,Engineering Technology and Industrial Distribution,College of Engineering,Engineering,https://catalog.tamu.edu/undergraduate/engineering/technology-industrial-distribution/multidisciplinary-engineering-technology-bs-electro-marine-engineering-technology-track/
Data Engineering - BS,Data Engineering,Industrial and Systems Engineering,Industrial and Systems Engineering,College of Engineering,Engineering,https://catalog.tamu.edu/undergraduate/engineering/industrial-systems/data-engineering-bs/
Industrial Engineering - BS,Industrial Engineering,Industrial and Systems Engineering,Industrial and Systems Engineering,College of Engineering,Engineering,https://catalog.tamu.edu/undergraduate/engineering/industrial-systems/industrial-bs/
Materials Science and Engineering - BS,Materials Science and Engineering,Materials Science and Engineering,Materials Science and Engineering,College of Engineering,Engineering,https://catalog.tamu.edu/undergraduate/engineering/materials-science/bs/
Mechanical Engineering - BS,Mechanical Engineering,Mechanical Engineering,Mechanical Engineering,College of Engineering,Engineering,https://catalog.tamu.edu/undergraduate/engineering/mechanical/bs/
Architectural Engineering - BS,Architectural Engineering,Multidisciplinary Engineering,Multidisciplinary Engineering,College of Engineering,Engineering,https://catalog.tamu.edu/undergraduate/engineering/multidisciplinary/architectural-engineering-bs/
Interdisciplinary Engineering - BS,Interdisciplinary Engineering,Multidisciplinary Engineering,Multidisciplinary Engineering,College of Engineering,Engineering,https://catalog.tamu.edu/undergraduate/engineering/multidisciplinary/interdisciplinary-engineering-bs/
Nuclear Engineering - BS,Nuclear Engineering,Nuclear Engineering,Nuclear Engineering,College of Engineering,Engineering,https://catalog.tamu.edu/undergraduate/engineering/nuclear/bs/
Ocean Engineering - BS,Ocean Engineering,Ocean Engineering,Ocean Engineering,College of Engineering,Engineering,https://catalog.tamu.edu/undergraduate/engineering/ocean/ocean-engineering-bs/
Petroleum Engineering - BS,Petroleum Engineering,Petroleum Engineering,Petroleum Engineering,College of Engineering,Engineering,https://catalog.tamu.edu/undergraduate/engineering/petroleum/bs/
History and Development,History and Development,,,General Information,General Information,https://catalog.tamu.edu/undergraduate/general-information/history-development/
Student Learning Outcomes,Student Learning Outcomes,,,General Information,General Information,https://catalog.tamu.edu/undergraduate/general-information/student-learning-outcomes/
University Core Curriculum,University Core Curriculum,,,General Information,General Information,https://catalog.tamu.edu/undergraduate/general-information/university-core-curriculum/
Admission,Admission,Degree and Program Information,Degree and Program Information,General Information,General Information,https://catalog.tamu.edu/undergraduate/general-information/admission/
Campus Life,Campus Life,Degree and Program Information,Degree and Program Information,General Information,General Information,https://catalog.tamu.edu/undergraduate/general-information/campus-life/
Cultural Discourse Requirements,Cultural Discourse Requirements,Degree and Program Information,Degree and Program Information,General Information,General Information,https://catalog.tamu.edu/undergraduate/general-information/degree-information/cultural-discourse-requirements/
Grading System,Grading System,Degree and Program Information,Degree and Program Information,General Information,General Information,https://catalog.tamu.edu/undergraduate/general-information/grading-system/
Housing,Housing,Degree and Program Information,Degree and Program Information,General Information,General Information,https://catalog.tamu.edu/undergraduate/general-information/housing/
International and Cultural Diversity Requirements,International and Cultural Diversity Requirements,Degree and Program Information,Degree and Program Information,General Information,General Information,https://catalog.tamu.edu/undergraduate/general-information/degree-information/international-cultural-diversity-requirements/
Orientation,Orientation,Degree and Program Information,Degree and Program Information,General Information,General Information,https://catalog.tamu.edu/undergraduate/general-information/orientation/
Registration and Academic Status,Registration and Academic Status,Degree and Program Information,Degree and Program Information,General Information,General Information,https://catalog.tamu.edu/undergraduate/general-information/registration-academic-status/
Services for Students,Services for Students,Degree and Program Information,Degree and Program Information,General Information,General Information,https://catalog.tamu.edu/undergraduate/general-information/services/
Student Success,Student Success,Degree and Program Information,Degree and Program Information,General Information,General Information,https://catalog.tamu.edu/undergraduate/general-information/office-for-student-success/
"Nursing - BSN, Accelerated BSN Track",Nursing,,,College of Nursing,Nursing,https://catalog.tamu.edu/undergraduate/nursing/accelerated-bsn/
Dance Science - BS,Dance Science,,,"College of Performance, Visualization and Fine Arts","Performance, Visualization and Fine Arts",https://catalog.tamu.edu/undergraduate/performance-visualization-fine-arts/dance-science-bs/
Music Performance - BFA,Music Performance - BFA,,,"College of Performance, Visualization and Fine Arts","Performance, Visualization and Fine Arts",https://catalog.tamu.edu/undergraduate/performance-visualization-fine-arts/music-performance-bfa/
Performance and Visual Studies - BA,Performance and Visual Studies,,,"College of Performance, Visualization and Fine Arts","Performance, Visualization and Fine Arts",https://catalog.tamu.edu/undergraduate/performance-visualization-fine-arts/performance-visual-studies-ba/
Theatre - BFA,Theatre - BFA,,,"College of Performance, Visualization and Fine Arts","Performance, Visualization and Fine Arts",https://catalog.tamu.edu/undergraduate/performance-visualization-fine-arts/theatre-bfa/
Visualization - BS,Visualization,,,"College of Performance, Visualization and Fine Arts","Performance, Visualization and Fine Arts",https://catalog.tamu.edu/undergraduate/performance-visualization-fine-arts/visualization-bs/
Aerospace Studies,Aerospace Studies,,,School of Military Sciences,School of Military Sciences,https://catalog.tamu.edu/undergraduate/military-sciences/aerospace-studies/
Military Science,Military Science,,,School of Military Sciences,School of Military Sciences,https://catalog.tamu.edu/undergraduate/military-sciences/military-science/
Naval Science,Naval Science,,,School of Military Sciences,School of Military Sciences,https://catalog.tamu.edu/undergraduate/military-sciences/naval-science/
"Public Health - BS, Allied Health Option",Public Health,,,School of Public Health,School of Public Health,https://catalog.tamu.edu/undergraduate/public-health/bs-allied-health-option/
General Information,General Information,,,Texas A&M University at Galveston,Texas A&M University at Galveston,https://catalog.tamu.edu/undergraduate/galveston/general-information/
Marine Biology - BS,Marine Biology,,,Texas A&M University at Galveston,Texas A&M University at Galveston,https://catalog.tamu.edu/undergraduate/galveston/marine-sciences-maritime-studies/marine-biology/bs/
Marine Engineering Technology - BS,Marine Engineering Technology,,,Texas A&M University at Galveston,Texas A&M University at Galveston,https://catalog.tamu.edu/undergraduate/galveston/marine-sciences-maritime-studies/marine-engineering-technology/bs/
Marine Fisheries - BS,Marine Fisheries,,,Texas A&M University at Galveston,Texas A&M University at Galveston,https://catalog.tamu.edu/undergraduate/galveston/marine-sciences-maritime-studies/marine-biology/marine-fisheries-bs/
Marine Transportation - BS,Marine Transportation,,,Texas A&M University at Galveston,Texas A&M University at Galveston,https://catalog.tamu.edu/undergraduate/galveston/marine-sciences-maritime-studies/maritime-transportation/bs/
Maritime Business Administration - BS,Maritime Business Administration,,,Texas A&M University at Galveston,Texas A&M University at Galveston,https://catalog.tamu.edu/undergraduate/galveston/marine-sciences-maritime-studies/maritime-business-administration/bs/
Maritime Operations - BS,Maritime Operations,,,Texas A&M University at Galveston,Texas A&M University at Galveston,https://catalog.tamu.edu/undergraduate/galveston/marine-sciences-maritime-studies/maritime-transportation/maritime-operations-bs/
Maritime Studies - BA,Maritime Studies,,,Texas A&M University at Galveston,Texas A&M University at Galveston,https://catalog.tamu.edu/undergraduate/galveston/marine-sciences-maritime-studies/maritime-studies/ba/
"University Studies - BS, Oceans and One Health Concentration",University Studies,,,Texas A&M University at Galveston,Texas A&M University at Galveston,https://catalog.tamu.edu/undergraduate/galveston/marine-sciences-maritime-studies/university-studies/oceans-one-health-university-studies-bs/
Coastal Resilience and Environmental Science - BS,Coastal Resilience and Environmental Science,College of Marine Sciences and Maritime Studies,College of Marine Sciences and Maritime Studies,Texas A&M University at Galveston,Texas A&M University at Galveston,https://catalog.tamu.edu/undergraduate/galveston/marine-sciences-maritime-studies/marine-and-coastal-environmental-science/coastal-resilience-environmental-science-bs/
Marine Sciences - BS,Marine Sciences,College of Marine Sciences and Maritime Studies,College of Marine Sciences and Maritime Studies,Texas A&M University at Galveston,Texas A&M University at Galveston,https://catalog.tamu.edu/undergraduate/galveston/marine-sciences-maritime-studies/marine-and-coastal-environmental-science/marine-sciences-bs/
Division of Arts and Sciences,Division of Arts and Sciences,,,Texas A&M University at Qatar,Texas A&M University at Qatar,https://catalog.tamu.edu/undergraduate/qatar/division-arts-sciences/
General Information,General Information,,,Texas A&M University at Qatar,Texas A&M University at Qatar,https://catalog.tamu.edu/undergraduate/qatar/general-information/
"Honors, Undergraduate Research and National Fellowships","Honors, Undergraduate Research and National Fellowships",,,"Tuition, Fees and Other Financial Information","Tuition, Fees and Other Financial Information",https://catalog.tamu.edu/undergraduate/honors-undergraduate-research-national-fellowship/
International Opportunities for Students,International Opportunities for Students,,,"Tuition, Fees and Other Financial Information","Tuition, Fees and Other Financial Information",https://catalog.tamu.edu/undergraduate/international-opportunities/
Scholarships & Financial Aid,Scholarships & Financial Aid,,,"Tuition, Fees and Other Financial Information","Tuition, Fees and Other Financial Information",https://catalog.tamu.edu/undergraduate/tuition-fees-financial-information/financial-assistance-scholarships/
Transition Academic Programs,Transition Academic Programs,,,"Tuition, Fees and Other Financial Information","Tuition, Fees and Other Financial Information",https://catalog.tamu.edu/undergraduate/transition-academic-programs/
University Policies,University Policies,,,"Tuition, Fees and Other Financial Information","Tuition, Fees and Other Financial Information",https://catalog.tamu.edu/undergraduate/university-policies/
Biomedical Sciences - BS,Biomedical Sciences,,,College of Veterinary Medicine and Biomedical Sciences,Veterinary Medicine and Biomedical Sciences,https://catalog.tamu.edu/undergraduate/veterinary-medicine-biomedical-sciences/biomedical-sciences-bs/
"University Studies - BS, Biomedical Sciences Concentration",University Studies,University Studies,University Studies,College of Veterinary Medicine and Biomedical Sciences,Veterinary Medicine and Biomedical Sciences,https://catalog.tamu.edu/undergraduate/veterinary-medicine-biomedical-sciences/university-studies/biomedical-sciences-university-studies-bs/
Veterinary Integrative Biosciences,Veterinary Integrative Biosciences,University Studies,University Studies,College of Veterinary Medicine and Biomedical Sciences,Veterinary Medicine and Biomedical Sciences,https://catalog.tamu.edu/undergraduate/veterinary-medicine-biomedical-sciences/veterinary-integrative-biosciences/
Veterinary Pathobiology,Veterinary Pathobiology,University Studies,University Studies,College of Veterinary Medicine and Biomedical Sciences,Veterinary Medicine and Biomedical Sciences,https://catalog.tamu.edu/undergraduate/veterinary-medicine-biomedical-sciences/veterinary-pathobiology/
